Timestamp,User Count,Type,Name,Requests/s,Failures/s,50%,66%,75%,80%,90%,95%,98%,99%,99.9%,99.99%,100%,Total Request Count,Total Failure Count,Total Median Response Time,Total Average Response Time,Total Min Response Time,Total Max Response Time,Total Average Content Size
1786618435,0,,Aggregated,0.000000,0.000000,N/A,N/A,N/A,N/A,N/A,N/A,N/A,N/A,N/A,N/A,N/A,0,0,0,0.0,0,0,0
1786618436,10,,Aggregated,0.000000,0.000000,210,210,210,210,210,210,210,210,210,210,210,15,0,210,149.80932508284846,14.681915752589703,213.4221661835909,2307.133333333333
1786618437,20,,Aggregated,0.000000,0.000000,29,88,120,120,210,210,210,210,210,210,210,57,0,29,71.75913377125796,9.501958265900612,213.4221661835909,2486.964912280702
1786618438,30,,Aggregated,0.000000,0.000000,29,88,120,180,230,240,240,260,260,260,260,97,3,29,77.77947766859968,9.089457802474499,259.1309589333832,2440.175257731959
1786618439,40,,Aggregated,13.000000,0.000000,33,46,100,120,210,230,240,240,260,260,260,160,7,32,66.48372840718366,4.996125120669603,259.1309589333832,2504.8625
1786618440,50,,Aggregated,19.000000,0.000000,31,44,95,120,170,210,240,240,260,260,260,242,9,31,62.23122124590965,4.996125120669603,259.1309589333832,2617.2396694214876
1786618441,50,,Aggregated,27.250000,0.750000,32,41,49,86,150,210,230,240,260,260,260,311,12,32,55.950524128218845,4.996125120669603,259.1309589333832,2678.83922829582
1786618442,50,,Aggregated,35.200000,1.400000,33,42,49,60,130,180,230,240,260,260,260,383,14,33,52.644522742711146,4.996125120669603,259.1309589333832,2790.715404699739
1786618443,50,,Aggregated,40.833333,1.500000,34,44,53,66,120,170,230,240,260,260,260,453,18,34,52.703836366377985,4.996125120669603,259.1309589333832,2856.562913907285
1786618444,50,,Aggregated,47.285714,1.714286,36,47,56,70,120,160,210,230,260,260,260,524,18,36,52.3358067748215,4.996125120669603,259.1309589333832,2963.057251908397
1786618445,50,,Aggregated,49.375000,1.875000,34,45,52,61,110,150,210,230,260,260,260,602,19,34,49.7165079618436,4.996125120669603,259.1309589333832,3058.827242524917
1786618446,50,,Aggregated,51.888889,2.000000,34,45,53,63,100,140,210,230,260,260,260,668,20,34,49.09646213626277,4.996125120669603,259.1309589333832,3139.8922155688624
1786618447,50,,Aggregated,53.400000,1.800000,33,43,51,59,94,140,210,230,260,260,260,736,20,33,47.026926342843346,4.996125120669603,259.1309589333832,3231.1915760869565
1786618448,50,,Aggregated,61.200000,1.900000,32,41,49,54,91,130,210,230,260,260,260,807,21,32,45.140663929320546,4.996125120669603,259.1309589333832,3315.615861214374
1786618449,50,,Aggregated,65.300000,2.000000,32,41,49,54,88,120,210,230,260,260,260,872,22,32,44.44090767823365,4.996125120669603,259.1309589333832,3404.6341743119265
1786618450,50,,Aggregated,69.000000,2.000000,32,42,49,58,93,140,210,230,260,260,260,950,23,32,46.29088469045727,4.996125120669603,259.1309589333832,3503.935789473684
1786618451,50,,Aggregated,70.700000,1.800000,31,42,49,55,91,130,210,210,240,260,260,1004,24,31,45.255380145096,4.996125120669603,259.1309589333832,3574.1424302788846
1786618452,50,,Aggregated,71.100000,1.500000,31,42,49,55,89,120,210,210,240,260,260,1082,26,31,44.39208086910563,4.996125120669603,259.1309589333832,3668.764325323475
1786618453,50,,Aggregated,71.300000,1.400000,31,41,48,53,87,120,200,210,240,260,260,1145,29,31,43.663351674153425,4.996125120669603,259.1309589333832,3739.004366812227
1786618454,50,,Aggregated,69.100000,1.200000,31,41,48,54,87,120,190,210,240,260,260,1226,30,31,43.70780546502263,4.996125120669603,259.1309589333832,3832.336867862969
1786618455,50,,Aggregated,69.900000,1.200000,31,41,48,53,84,120,180,210,240,260,260,1299,32,31,42.96995820821743,4.996125120669603,259.1309589333832,3918.5612009237875
1786618456,50,,Aggregated,69.700000,1.100000,31,41,47,52,79,120,180,210,240,260,260,1368,33,31,42.50764717553519,4.996125120669603,259.1309589333832,3997.1739766081873
1786618457,50,,Aggregated,69.600000,1.200000,31,41,47,52,79,110,180,210,240,260,260,1431,35,31,42.09905852785609,3.7817079573869705,259.1309589333832,4069.261355695318
1786618458,50,,Aggregated,69.700000,1.300000,31,41,47,51,77,110,170,210,240,260,260,1499,36,31,41.713964558449426,3.7817079573869705,259.1309589333832,4151.435623749167
1786618459,50,,Aggregated,69.700000,1.300000,32,41,47,52,74,110,170,210,240,260,260,1575,36,32,41.47498521125979,3.7817079573869705,259.1309589333832,4248.56253968254
1786618460,50,,Aggregated,69.300000,1.500000,32,41,47,51,71,110,170,210,240,260,260,1635,36,32,41.11724989602644,3.7817079573869705,259.1309589333832,4326.0348623853215
1786618461,50,,Aggregated,69.000000,1.500000,32,41,47,51,68,110,170,210,240,260,260,1719,36,32,40.90929855015551,3.7817079573869705,259.1309589333832,4428.585223967423
1786618462,50,,Aggregated,69.500000,1.400000,32,40,46,51,67,100,160,210,240,260,260,1785,38,32,40.51221342136463,3.7817079573869705,259.1309589333832,4505.929411764706
1786618463,50,,Aggregated,68.800000,1.300000,32,41,47,52,69,100,160,210,240,260,260,1853,40,32,40.783666622112776,3.7817079573869705,259.1309589333832,4578.556395035078
1786618464,50,,Aggregated,70.700000,1.200000,32,41,47,51,68,96,150,210,240,260,260,1926,42,32,40.284276656566625,3.7817079573869705,259.1309589333832,4653.538421599169
1786618465,50,,Aggregated,70.400000,1.100000,32,40,47,51,68,100,160,210,240,260,260,1988,44,32,40.48303966279286,3.7817079573869705,259.1309589333832,4706.049295774648
1786618466,50,,Aggregated,69.600000,1.200000,32,41,47,51,67,96,160,210,240,260,260,2058,45,32,40.371207468550146,3.7817079573869705,259.1309589333832,4768.686103012634
1786618467,50,,Aggregated,70.500000,1.200000,32,41,47,51,67,96,150,210,240,260,260,2118,46,32,40.242977302505636,3.7817079573869705,259.1309589333832,4818.007082152974
1786618468,50,,Aggregated,69.200000,1.200000,32,40,46,50,66,93,150,210,240,260,260,2186,46,32,39.93606934863273,3.7817079573869705,259.1309589333832,4871.587831655993
1786618469,50,,Aggregated,69.000000,1.200000,31,40,46,50,65,93,150,200,240,260,260,2248,46,31,39.52424276000372,3.7817079573869705,259.1309589333832,4921.864323843416
1786618470,50,,Aggregated,69.200000,1.100000,31,40,46,50,65,92,150,190,240,260,260,2317,48,31,39.321887233512804,3.7817079573869705,259.1309589333832,4974.33966335779
1786618471,50,,Aggregated,68.700000,1.000000,31,41,46,51,67,93,150,190,240,260,260,2387,49,31,39.751184071680655,3.7817079573869705,259.1309589333832,5030.32677000419
1786618472,50,,Aggregated,67.600000,1.100000,32,41,47,51,67,93,150,190,240,260,260,2457,51,32,40.06622698954786,3.7817079573869705,259.1309589333832,5082.507122507122
1786618473,50,,Aggregated,68.000000,1.200000,32,41,47,52,67,93,140,180,240,260,260,2519,53,32,40.04133280581836,3.7817079573869705,259.1309589333832,5118.140928940055
1786618474,50,,Aggregated,66.500000,1.300000,32,42,47,52,67,92,140,180,240,260,260,2584,55,32,40.02328987785503,3.7817079573869705,259.1309589333832,5168.188080495356
1786618475,50,,Aggregated,66.800000,1.300000,32,41,47,51,67,92,140,180,240,260,260,2637,59,32,39.769470532752145,3.7817079573869705,259.1309589333832,5193.622677284793
1786618476,50,,Aggregated,66.600000,1.300000,32,41,47,51,67,91,140,180,240,260,260,2685,59,32,39.59621421670198,3.7817079573869705,259.1309589333832,5224.986592178771
1786618477,50,,Aggregated,65.400000,1.300000,32,41,47,51,66,91,140,180,240,260,260,2718,61,32,39.43880630785228,3.7817079573869705,259.1309589333832,5232.973877851361
1786618478,50,,Aggregated,64.400000,1.500000,32,41,47,51,66,91,140,180,240,260,260,2752,62,32,39.25381775462843,3.7817079573869705,259.1309589333832,5251.236555232558
1786618479,50,,Aggregated,62.200000,1.400000,32,40,46,50,66,91,140,180,240,260,260,2782,62,32,39.1714380259641,3.7817079573869705,259.1309589333832,5269.763120057512
1786618480,50,,Aggregated,59.200000,1.500000,32,40,46,50,65,90,140,180,240,260,260,2810,62,32,39.08327267425685,3.7817079573869705,259.1309589333832,5285.94768683274
1786618481,50,,Aggregated,56.500000,1.600000,31,40,46,50,65,90,140,180,240,260,260,2841,62,31,38.94174803672532,3.7817079573869705,259.1309589333832,5299.378387891587
1786618482,50,,Aggregated,53.200000,1.500000,31,40,46,50,65,90,140,180,240,260,260,2864,62,31,38.83483832654564,3.7817079573869705,259.1309589333832,5313.160265363129
1786618483,50,,Aggregated,49.200000,1.400000,31,40,46,50,64,89,140,180,240,260,260,2896,62,31,38.64019161774597,3.7817079573869705,259.1309589333832,5327.705801104972
1786618484,50,,Aggregated,45.100000,1.300000,31,40,46,50,64,89,130,170,240,260,260,2920,62,31,38.50620506707681,3.7817079573869705,259.1309589333832,5333.990753424658
1786618485,50,,Aggregated,40.500000,1.100000,31,39,46,50,64,89,130,170,240,260,260,2949,62,31,38.28063023015452,3.7817079573869705,259.1309589333832,5331.495083079009
1786618486,50,,Aggregated,37.000000,0.800000,31,39,46,50,64,89,130,170,240,260,260,2971,62,31,38.159828947168016,3.7817079573869705,259.1309589333832,5334.017165937395
1786618487,50,,Aggregated,33.200000,0.700000,31,39,45,49,64,89,130,170,240,260,260,3005,62,31,38.04170568884287,3.7817079573869705,259.1309589333832,5329.717803660566
1786618488,50,,Aggregated,30.600000,0.300000,31,39,45,49,63,89,130,170,240,260,260,3033,62,31,37.8618019734633,3.7817079573869705,259.1309589333832,5329.785031322123
1786618489,50,,Aggregated,28.700000,0.300000,30,39,45,49,63,89,130,170,240,260,260,3058,62,30,37.65231171398112,3.7817079573869705,259.1309589333832,5326.4839764552
1786618490,50,,Aggregated,28.100000,0.100000,30,39,45,49,63,88,130,170,240,260,260,3089,62,30,37.44264716640062,3.7817079573869705,259.1309589333832,5321.589834898025
1786618491,50,,Aggregated,27.700000,0.000000,30,39,45,49,63,88,130,170,240,260,260,3115,62,30,37.400016684330296,3.7817079573869705,259.1309589333832,5324.475120385233
1786618492,50,,Aggregated,27.000000,0.000000,30,39,45,49,63,87,130,170,240,260,260,3146,62,30,37.27575117033579,3.7817079573869705,259.1309589333832,5329.43833439288
1786618493,50,,Aggregated,27.400000,0.000000,30,38,44,49,62,87,130,170,240,260,260,3176,62,30,37.16328587299166,3.7817079573869705,259.1309589333832,5335.805100755668
1786618494,50,,Aggregated,27.300000,0.000000,30,38,44,49,62,86,130,170,240,260,260,3211,62,30,37.052207301411116,3.7817079573869705,259.1309589333832,5348.018374338212
1786618495,50,,Aggregated,27.800000,0.000000,30,38,44,48,62,86,130,170,240,260,260,3236,62,30,37.077587586712454,3.7817079573869705,259.1309589333832,5362.185105067985
1786618496,500,,Aggregated,28.100000,0.000000,30,39,46,50,67,110,220,680,810,830,830,3304,63,30,47.68931879715534,3.7817079573869705,831.452792044729,5321.283595641647
1786618497,500,,Aggregated,29.000000,0.000000,31,41,48,54,91,270,880,1300,1800,1800,1800,3452,69,31,82.30622214165884,3.7817079573869705,1793.2281666435301,5208.234067207416
1786618498,500,,Aggregated,28.500000,0.000000,33,43,52,60,210,710,1400,2100,2700,2700,2700,3619,74,33,129.82513903544736,3.7817079573869705,2743.4249999932945,5082.030118817353
1786618499,500,,Aggregated,34.000000,0.100000,34,47,59,79,500,810,2400,3100,3800,3800,3800,3841,82,34,187.47352043627933,3.7817079573869705,3812.637332826853,4927.400416558188
1786618500,500,,Aggregated,45.400000,0.700000,36,50,72,170,600,1100,3100,3800,4500,4800,4800,4047,86,36,242.24407659843104,3.7817079573869705,4827.017792034894,4802.189276006919
1786618501,500,,Aggregated,61.100000,1.300000,38,56,150,480,740,1200,3500,4400,5800,5800,5800,4290,92,38,308.36334000439285,3.7817079573869705,5784.564916975796,4667.363636363636
1786618502,500,,Aggregated,78.500000,2.000000,40,63,420,560,790,1300,3700,4900,6500,6700,6700,4468,92,40,346.7306305655181,3.7817079573869705,6687.372040934861,4588.235899731423
1786618503,500,,Aggregated,97.300000,2.500000,43,94,560,690,1000,1700,4200,5700,7700,7700,7700,4760,92,43,428.49550575708594,3.7817079573869705,7736.9425827637315,4461.275840336134
1786618504,500,,Aggregated,117.800000,3.000000,45,230,640,740,1100,2100,5100,7400,8700,8800,8800,4967,92,45,496.7403783301127,3.7817079573869705,8771.282707806677,4383.680088584659
1786618505,500,,Aggregated,131.900000,3.000000,49,500,720,780,1100,2300,5600,7700,9100,9200,9200,5260,92,49,546.1149713014759,3.7817079573869705,9190.022540744394,4286.6431558935365
1786618506,500,,Aggregated,158.400000,3.000000,54,600,770,830,1100,2500,6500,8400,11000,11000,11000,5535,92,54,610.7762059850522,3.7817079573869705,10774.984708987176,4202.459078590786
1786618507,500,,Aggregated,178.800000,3.000000,63,650,770,830,1100,2600,7300,8900,11000,11000,11000,5903,126,63,655.0964282988251,3.7817079573869705,11395.926541183144,4083.599356259529
1786618508,500,,Aggregated,202.600000,3.000000,88,600,760,810,1000,2300,7100,8900,11000,11000,11000,6243,232,88,627.9805651516076,3.7817079573869705,11395.926541183144,3956.92407496396
1786618509,500,,Aggregated,223.500000,2.900000,88,550,740,800,1000,2000,6700,8800,11000,11000,11000,6575,401,88,604.1986236873547,3.7817079573869705,11395.926541183144,3821.779011406844
1786618510,500,,Aggregated,245.100000,5.700000,94,510,720,790,1000,1800,6500,8700,11000,11000,11000,6849,513,94,589.7602495546458,3.7817079573869705,11395.926541183144,3731.4935027011243
1786618511,500,,Aggregated,260.400000,16.100000,110,540,710,780,1000,1400,5800,8700,11000,11000,11000,7185,642,110,582.2559959460607,3.7817079573869705,11395.926541183144,3633.312456506611
1786618512,500,,Aggregated,274.100000,32.100000,120,480,690,770,990,1300,5700,8600,11000,11000,11000,7556,758,120,568.0397702111084,3.7817079573869705,11395.926541183144,3540.746691371096
1786618513,500,,Aggregated,279.400000,42.600000,130,460,680,760,980,1300,5600,8500,11000,11000,11000,7770,855,130,557.2450987893388,3.7817079573869705,11395.926541183144,3481.5886743886745
1786618514,500,,Aggregated,291.600000,55.000000,150,500,690,750,970,1200,5400,8400,11000,11000,11000,8141,1007,150,552.6901142722154,3.7817079573869705,11395.926541183144,3391.4235351922366
1786618515,500,,Aggregated,309.900000,67.200000,170,530,690,750,960,1200,5100,8400,11000,11000,11000,8383,1074,170,551.309225362647,3.7817079573869705,11395.926541183144,3344.7488965764046
1786618516,500,,Aggregated,301.700000,76.900000,190,530,680,730,940,1200,4800,8200,11000,11000,11000,8753,1162,190,546.0980699190568,3.7817079573869705,11395.926541183144,3285.733120073118
1786618517,500,,Aggregated,314.200000,91.500000,170,490,660,730,930,1100,4500,8000,11000,11000,11000,9116,1309,170,529.6200489850197,3.7817079573869705,11395.926541183144,3212.599714787187
1786618518,500,,Aggregated,312.700000,98.700000,160,460,650,720,910,1100,4400,8000,11000,11000,11000,9469,1466,160,513.1657918377545,3.7817079573869705,11395.926541183144,3147.351145844334
1786618519,500,,Aggregated,322.500000,108.700000,150,420,640,710,900,1100,4300,7900,11000,11000,11000,9837,1625,150,497.78758808903234,3.7817079573869705,11395.926541183144,3083.063332316763
1786618520,500,,Aggregated,321.300000,118.600000,130,390,620,700,870,1100,4100,7700,11000,11000,11000,10201,1783,130,482.9657844533643,3.7817079573869705,11395.926541183144,3025.31408685423
1786618521,500,,Aggregated,322.200000,123.200000,120,360,610,690,860,1100,4000,7700,11000,11000,11000,10551,1935,120,469.33156987816363,3.7817079573869705,11395.926541183144,2973.5196663823335
1786618522,500,,Aggregated,325.700000,122.300000,120,330,590,680,850,1100,3900,7500,11000,11000,11000,10918,2106,120,456.0266337933247,3.7817079573869705,11395.926541183144,2920.5642058985163
1786618523,500,,Aggregated,334.400000,127.000000,120,310,570,670,840,1100,3700,7500,11000,11000,11000,11241,2261,120,445.3114209256797,3.7817079573869705,11395.926541183144,2877.32559380838
1786618524,500,,Aggregated,334.500000,129.900000,120,290,550,660,830,1100,3500,7400,11000,11000,11000,11618,2416,120,436.1767326136543,3.7817079573869705,11395.926541183144,2834.793854363918
1786618525,500,,Aggregated,335.100000,134.200000,120,270,530,650,830,1100,3500,7300,11000,11000,11000,11969,2560,120,427.214243803234,3.7817079573869705,11395.926541183144,2797.958308964826
1786618526,500,,Aggregated,347.000000,140.100000,120,260,500,640,820,1000,3400,7100,11000,11000,11000,12313,2728,120,417.92491086670407,3.7817079573869705,11395.926541183144,2759.44952489239
1786618528,500,,Aggregated,347.700000,140.900000,110,260,470,620,810,1000,3200,7000,11000,11000,11000,12672,2856,110,409.27977977965685,3.7817079573869705,11395.926541183144,2727.175347222222
1786618529,500,,Aggregated,353.800000,154.900000,110,240,450,610,810,1000,3200,6700,11000,11000,11000,13017,3033,110,400.9521910997294,3.7817079573869705,11395.926541183144,2690.238841514942
1786618530,500,,Aggregated,354.900000,154.400000,110,230,420,600,800,1000,3100,6700,11000,11000,11000,13366,3174,110,394.0778323854375,3.7817079573869705,11395.926541183144,2663.9366302558733
1786618531,500,,Aggregated,354.300000,156.500000,110,220,400,580,800,1000,3000,6500,11000,11000,11000,13751,3336,110,385.302917125142,3.7817079573869705,11395.926541183144,2633.281724965457
1786618532,500,,Aggregated,352.200000,154.700000,110,210,390,570,790,1000,2700,6000,11000,11000,11000,14017,3491,110,380.4488569435141,3.7817079573869705,11395.926541183144,2605.514874794892
1786618533,500,,Aggregated,354.200000,155.000000,110,220,400,560,790,1000,2700,5800,11000,11000,11000,14407,3611,110,378.2042566423898,3.7817079573869705,11395.926541183144,2585.7646977163877
1786618534,500,,Aggregated,345.600000,154.600000,110,210,380,540,780,1000,2600,5800,11000,11000,11000,14753,3750,110,371.8036812958214,3.7817079573869705,11395.926541183144,2562.178539957975
1786618535,500,,Aggregated,348.400000,150.500000,110,200,360,530,780,990,2500,5700,11000,11000,11000,15126,3926,110,363.7625235294497,3.7817079573869705,11395.926541183144,2533.2551236281897
1786618536,500,,Aggregated,350.100000,148.800000,110,190,340,510,770,990,2400,5600,11000,11000,11000,15457,4077,110,357.29362811506286,3.7817079573869705,11395.926541183144,2510.094520282073
1786618537,500,,Aggregated,350.100000,150.800000,100,190,330,500,770,980,2200,5500,11000,11000,11000,15776,4245,100,351.7049849333249,3.7817079573869705,11395.926541183144,2486.6359660243406
1786618538,500,,Aggregated,348.100000,151.500000,100,190,330,480,760,970,2100,5400,11000,11000,11000,16144,4362,100,347.3104720677243,3.7817079573869705,11395.926541183144,2471.738478691774
1786618539,500,,Aggregated,346.000000,151.500000,100,190,320,470,750,970,1900,5300,11000,11000,11000,16496,4548,100,342.207668508978,3.7817079573869705,11395.926541183144,2448.4447138700293
1786618540,500,,Aggregated,346.700000,150.400000,100,180,310,450,750,960,1900,5100,11000,11000,11000,16817,4662,100,337.573274296802,3.7817079573869705,11395.926541183144,2435.207468632931
1786618541,500,,Aggregated,346.500000,150.900000,100,180,300,440,740,950,1700,4900,11000,11000,11000,17180,4812,100,332.8655426454708,3.7817079573869705,11395.926541183144,2416.162572759022
1786618542,500,,Aggregated,343.900000,148.000000,100,180,290,420,730,940,1700,4900,11000,11000,11000,17491,4940,100,328.312304133791,3.7817079573869705,11395.926541183144,2403.0783831684867
1786618543,500,,Aggregated,342.700000,147.500000,100,170,280,400,730,930,1400,4800,11000,11000,11000,17846,5106,100,323.1874748790048,3.7817079573869705,11395.926541183144,2383.1874929956293
1786618544,500,,Aggregated,346.900000,145.200000,100,170,280,400,730,930,1400,4800,11000,11000,11000,18082,5226,100,319.93115558396636,3.7817079573869705,11395.926541183144,2369.1220550824023
1786618545,500,,Aggregated,342.800000,148.700000,99,170,280,400,730,940,1400,4500,11000,11000,11000,18208,5314,99,320.73764381400326,3.7817079573869705,11395.926541183144,2358.3852152899826
1786618546,500,,Aggregated,333.100000,147.400000,100,180,290,430,750,1000,1800,4500,11000,11000,11000,18423,5363,100,333.48399548045353,3.7817079573869705,11395.926541183144,2355.1819464799437
1786618547,500,,Aggregated,308.300000,139.000000,100,180,310,480,790,1100,1800,4500,11000,11000,11000,18663,5365,100,347.38871320239866,3.7817079573869705,11395.926541183144,2359.3238493275467
1786618548,500,,Aggregated,296.800000,128.800000,100,190,320,500,810,1100,1800,4400,11000,11000,11000,18806,5370,100,353.61339183382916,3.7817079573869705,11395.926541183144,2361.1287886844625
1786618549,500,,Aggregated,286.500000,112.200000,100,190,340,520,830,1300,1800,4400,11000,11000,11000,18943,5370,100,362.41134477091754,3.7817079573869705,11395.926541183144,2363.433827799187
1786618550,500,,Aggregated,263.700000,100.900000,110,190,350,540,850,1300,1900,4400,11000,11000,11000,19030,5370,110,369.05178697444535,3.7817079573869705,11395.926541183144,2365.0170257488176
1786618551,500,,Aggregated,243.000000,82.800000,110,200,360,550,870,1400,2500,4400,11000,11000,11000,19114,5375,110,379.8656243524393,3.7817079573869705,11395.926541183144,2365.983624568379
1786618552,500,,Aggregated,222.500000,71.700000,110,200,380,580,940,1600,3000,4400,11000,11000,11000,19289,5375,110,403.57910412263715,3.7817079573869705,11395.926541183144,2369.295453367204
1786618553,500,,Aggregated,190.200000,56.700000,110,210,410,610,1000,1700,3000,4300,11000,11000,11000,19506,5378,110,425.00445314198976,3.7817079573869705,11395.926541183144,2372.3887009125397
1786618554,500,,Aggregated,177.400000,43.600000,110,220,450,640,1100,1700,3000,4300,11000,11000,11000,19719,5378,110,435.12026212838015,3.7817079573869705,11395.926541183144,2375.43759825549
1786618555,500,,Aggregated,159.300000,27.900000,110,240,490,670,1100,1700,3000,4200,11000,11000,11000,19998,5380,110,440.46440100831404,3.7817079573869705,11395.926541183144,2379.7214721472146
1786618556,500,,Aggregated,153.000000,15.400000,110,260,520,670,1100,1700,3000,4200,11000,11000,11000,20243,5383,110,442.48385692992207,3.7817079573869705,11395.926541183144,2384.077310675295
1786618557,450,,Aggregated,165.400000,6.400000,120,270,550,670,1000,1700,3000,4100,11000,11000,11000,20468,5395,120,444.7949103788466,3.7817079573869705,11395.926541183144,2386.5275063513777
1786618558,400,,Aggregated,173.500000,1.800000,120,270,560,680,1000,1700,3000,4100,11000,11000,11000,20637,5435,120,446.2781182427154,3.7817079573869705,11395.926541183144,2383.7988564229295
1786618559,350,,Aggregated,176.200000,2.900000,120,280,570,680,1100,1700,2900,4100,11000,11000,11000,20743,5464,120,450.00376304923066,3.7817079573869705,11395.926541183144,2381.299281685388
1786618560,300,,Aggregated,180.900000,5.000000,120,280,580,690,1100,1700,2900,4100,11000,11000,11000,20860,5475,120,456.84425741704655,3.7817079573869705,11395.926541183144,2381.021907957814
1786618561,250,,Aggregated,178.800000,9.000000,120,300,600,700,1100,1700,2900,4000,11000,11000,11000,21063,5480,120,463.31957348022854,3.7817079573869705,11395.926541183144,2382.369035749893
1786618562,200,,Aggregated,177.500000,10.300000,120,300,600,700,1100,1700,2900,4000,11000,11000,11000,21125,5485,120,464.0840867753168,3.7817079573869705,11395.926541183144,2382.213822485207
1786618563,150,,Aggregated,192.500000,10.300000,120,300,600,700,1100,1700,2900,3900,11000,11000,11000,21335,5490,120,462.86743718033773,3.7817079573869705,11395.926541183144,2382.9577220529645
1786618564,100,,Aggregated,184.100000,10.900000,120,300,600,700,1100,1700,2900,3900,11000,11000,11000,21443,5492,120,460.76998904646496,3.7817079573869705,11395.926541183144,2383.4231217646784
1786618565,50,,Aggregated,184.200000,11.000000,120,300,600,700,1100,1700,2900,3900,11000,11000,11000,21507,5493,120,459.50214051204466,3.7817079573869705,11395.926541183144,2383.6500674199096
1786618566,50,,Aggregated,178.100000,11.300000,120,290,590,700,1100,1700,2900,3900,11000,11000,11000,21562,5493,120,458.5132084778642,3.7817079573869705,11395.926541183144,2383.9750950746684
1786618567,50,,Aggregated,162.000000,11.500000,120,290,590,700,1100,1700,2900,3900,11000,11000,11000,21613,5496,120,457.5366649621096,3.7817079573869705,11395.926541183144,2383.980104566696
1786618568,50,,Aggregated,138.200000,11.200000,120,290,590,700,1100,1700,2900,3900,11000,11000,11000,21668,5498,120,456.5068726805316,3.7817079573869705,11395.926541183144,2384.106470371054
1786618569,50,,Aggregated,118.500000,10.000000,120,290,590,700,1100,1700,2900,3900,11000,11000,11000,21725,5500,120,455.4071176653541,3.7817079573869705,11395.926541183144,2384.2434522439585
1786618570,50,,Aggregated,105.700000,7.800000,120,290,590,700,1100,1700,2900,3900,11000,11000,11000,21782,5504,120,454.297390172511,3.7817079573869705,11395.926541183144,2384.2488293086035
1786618571,50,,Aggregated,100.100000,3.900000,120,280,590,690,1100,1700,2900,3900,11000,11000,11000,21835,5505,120,453.27220952538386,3.7817079573869705,11395.926541183144,2384.59798488665
1786618572,50,,Aggregated,95.200000,2.900000,120,280,580,690,1100,1700,2900,3900,11000,11000,11000,21887,5508,120,452.2984493568515,3.7817079573869705,11395.926541183144,2384.733586147028
1786618573,50,,Aggregated,81.300000,2.600000,120,280,580,690,1100,1700,2900,3800,11000,11000,11000,21940,5512,120,451.3063280551364,3.7817079573869705,11395.926541183144,2384.7721513217866
1786618574,50,,Aggregated,76.400000,2.300000,120,280,580,690,1100,1700,2900,3800,11000,11000,11000,21991,5515,120,450.4190298904313,3.7817079573869705,11395.926541183144,2384.96566777318
1786618575,50,,Aggregated,64.800000,2.300000,120,280,580,690,1100,1700,2900,3800,11000,11000,11000,22040,5519,120,449.4931573591435,3.7817079573869705,11395.926541183144,2385.0652450090743
1786618576,50,,Aggregated,57.200000,2.400000,120,280,580,690,1100,1700,2900,3800,11000,11000,11000,22093,5524,120,448.5303807438328,3.7817079573869705,11395.926541183144,2385.080432716245
1786618577,50,,Aggregated,53.800000,2.200000,120,280,580,690,1100,1700,2900,3800,11000,11000,11000,22133,5524,120,448.17395650846953,3.7817079573869705,11395.926541183144,2385.547056431573
1786618578,50,,Aggregated,52.500000,2.600000,120,280,580,690,1100,1700,2900,3800,11000,11000,11000,22174,5527,120,447.4428312751673,3.7817079573869705,11395.926541183144,2385.694461982502
1786618579,50,,Aggregated,51.000000,3.000000,110,280,570,690,1100,1700,2900,3800,11000,11000,11000,22225,5532,110,446.52553736727737,3.7817079573869705,11395.926541183144,2385.781642294713
1786618580,50,,Aggregated,51.400000,2.700000,110,280,570,690,1100,1700,2900,3800,11000,11000,11000,22274,5538,110,445.6237619659127,3.7817079573869705,11395.926541183144,2385.7772739516927
1786618581,50,,Aggregated,49.800000,3.000000,110,280,570,690,1100,1700,2900,3800,11000,11000,11000,22324,5548,110,444.68276944403436,3.7817079573869705,11395.926541183144,2385.358224332557
1786618582,50,,Aggregated,48.500000,3.300000,110,270,570,690,1100,1700,2900,3800,11000,11000,11000,22380,5550,110,443.63960175135384,3.7817079573869705,11395.926541183144,2386.037042001787
1786618583,50,,Aggregated,48.000000,3.600000,110,270,570,680,1100,1700,2900,3700,11000,11000,11000,22426,5555,110,442.80168636221765,3.7817079573869705,11395.926541183144,2386.2147061446535
1786618584,50,,Aggregated,48.600000,4.300000,110,270,560,680,1100,1700,2900,3700,11000,11000,11000,22474,5559,110,441.91422693013163,3.7817079573869705,11395.926541183144,2386.5987363175223
1786618585,50,,Aggregated,48.500000,4.200000,110,270,560,680,1100,1700,2900,3700,11000,11000,11000,22518,5565,110,441.0969878185664,3.7817079573869705,11395.926541183144,2386.7003286259883
1786618586,50,,Aggregated,48.200000,4.200000,110,270,560,680,1100,1700,2900,3700,11000,11000,11000,22560,5570,110,440.31751421358643,3.7817079573869705,11395.926541183144,2386.9781914893615
1786618587,50,,Aggregated,47.200000,4.700000,110,270,560,680,1100,1700,2900,3700,11000,11000,11000,22601,5573,110,439.6641777942603,3.7817079573869705,11395.926541183144,2387.4674571921596
1786618588,50,,Aggregated,47.000000,4.700000,110,270,560,680,1100,1700,2900,3700,11000,11000,11000,22642,5580,110,438.92023390485275,3.7817079573869705,11395.926541183144,2387.512763890116
1786618589,50,,Aggregated,47.500000,4.600000,110,270,560,680,1100,1700,2900,3700,11000,11000,11000,22692,5592,110,438.0297251834529,3.7817079573869705,11395.926541183144,2387.2115723603033
1786618590,50,,Aggregated,46.100000,5.100000,110,270,550,680,1100,1700,2900,3700,11000,11000,11000,22751,5596,110,437.0101183568919,3.7817079573869705,11395.926541183144,2388.24038503802
1786618591,50,,Aggregated,47.000000,5.800000,110,260,550,680,1100,1700,2900,3700,11000,11000,11000,22786,5601,110,436.37223215021646,3.7817079573869705,11395.926541183144,2388.5441060300186
1786618592,50,,Aggregated,47.200000,5.800000,110,260,550,680,1100,1700,2900,3600,11000,11000,11000,22828,5607,110,435.6436280019053,3.7817079573869705,11395.926541183144,2388.9438408971437
1786618593,50,,Aggregated,46.700000,5.600000,110,260,550,680,1100,1700,2900,3600,11000,11000,11000,22876,5616,110,434.85653428215073,3.7817079573869705,11395.926541183144,2389.121218744536
1786618594,50,,Aggregated,45.800000,5.300000,110,260,550,680,1100,1700,2900,3600,11000,11000,11000,22938,5626,110,433.86701807001396,3.7817079573869705,11395.926541183144,2389.639550091551
1786618595,50,,Aggregated,44.800000,5.900000,110,260,550,670,1100,1700,2900,3600,11000,11000,11000,22997,5632,110,432.86245045139844,3.7817079573869705,11395.926541183144,2390.606861764578
1786618596,50,,Aggregated,45.900000,6.300000,110,260,550,670,1100,1700,2900,3600,11000,11000,11000,23048,5634,110,432.0548917400043,3.7817079573869705,11395.926541183144,2392.1000086775425
1786618597,50,,Aggregated,47.900000,6.500000,110,260,540,670,1100,1700,2900,3600,11000,11000,11000,23086,5640,110,431.3874860534961,3.7817079573869705,11395.926541183144,2392.579095555748
1786618598,50,,Aggregated,48.300000,6.600000,110,260,540,670,1100,1700,2900,3600,11000,11000,11000,23125,5649,110,430.71323313811746,3.7817079573869705,11395.926541183144,2392.8417297297296
1786618599,50,,Aggregated,49.100000,6.700000,110,250,540,670,1100,1700,2900,3600,11000,11000,11000,23177,5653,110,429.83049842992995,3.7817079573869705,11395.926541183144,2394.1576131509687
1786618600,50,,Aggregated,48.300000,6.800000,110,250,540,670,1100,1700,2900,3500,11000,11000,11000,23214,5658,110,429.19061426051246,3.7817079573869705,11395.926541183144,2394.819462393383
1786618601,50,,Aggregated,47.600000,6.300000,110,250,540,670,1100,1700,2900,3500,11000,11000,11000,23250,5665,110,428.57387517663017,3.7817079573869705,11395.926541183144,2395.2140215053764
1786618602,50,,Aggregated,47.700000,6.300000,110,250,540,670,1000,1700,2900,3500,11000,11000,11000,23293,5673,110,427.8279088433119,3.6075827665627003,11395.926541183144,2395.998111020478
1786618603,50,,Aggregated,46.400000,6.500000,110,250,530,670,1000,1700,2900,3500,11000,11000,11000,23338,5680,110,427.04871254408846,3.6075827665627003,11395.926541183144,2396.9851315451197
1786618604,50,,Aggregated,45.800000,6.500000,110,250,530,670,1000,1700,2900,3500,11000,11000,11000,23377,5684,110,426.38141061114203,3.6075827665627003,11395.926541183144,2398.3385378791118
1786618605,50,,Aggregated,46.000000,6.400000,110,250,530,670,1000,1700,2900,3500,11000,11000,11000,23408,5693,110,425.853332761074,3.6075827665627003,11395.926541183144,2398.496240601504
1786618606,50,,Aggregated,44.600000,6.100000,110,240,530,660,1000,1700,2900,3500,11000,11000,11000,23458,5701,110,425.0645556749214,3.6075827665627003,11395.926541183144,2399.8639270185013
1786618607,50,,Aggregated,42.200000,6.000000,110,240,530,660,1000,1700,2900,3500,11000,11000,11000,23503,5710,110,424.31135491826586,3.6075827665627003,11395.926541183144,2400.7846657873465
1786618608,50,,Aggregated,42.000000,6.400000,110,240,530,660,1000,1700,2900,3500,11000,11000,11000,23539,5719,110,423.7028760257878,3.6075827665627003,11395.926541183144,2401.3517566591613
1786618609,50,,Aggregated,41.000000,6.400000,110,240,520,660,1000,1700,2900,3500,11000,11000,11000,23581,5724,110,423.009569831213,3.6075827665627003,11395.926541183144,2402.972562656376
1786618610,50,,Aggregated,41.200000,6.900000,110,240,520,660,1000,1700,2900,3500,11000,11000,11000,23610,5726,110,422.5247974951279,3.6075827665627003,11395.926541183144,2404.40652265989
1786618611,50,,Aggregated,41.000000,7.000000,110,240,520,660,1000,1700,2900,3500,11000,11000,11000,23635,5732,110,422.101281950558,3.6075827665627003,11395.926541183144,2405.014554685847
1786618612,50,,Aggregated,40.300000,7.000000,110,240,520,660,1000,1700,2900,3500,11000,11000,11000,23669,5741,110,421.53173499051326,3.6075827665627003,11395.926541183144,2405.8713929612572
1786618613,50,,Aggregated,39.300000,6.600000,100,230,520,660,1000,1700,2900,3500,11000,11000,11000,23721,5752,100,420.66816989998546,3.6075827665627003,11395.926541183144,2407.7988280426625
1786618614,50,,Aggregated,38.000000,6.700000,100,230,520,660,1000,1700,2900,3500,11000,11000,11000,23759,5758,100,420.05930915797495,3.6075827665627003,11395.926541183144,2409.817037754114
1786618615,50,,Aggregated,38.200000,7.100000,100,230,510,660,1000,1700,2900,3500,11000,11000,11000,23820,5764,100,419.1278172224075,3.6075827665627003,11395.926541183144,2414.1340050377835
1786618616,50,,Aggregated,38.100000,7.200000,100,230,510,660,1000,1700,2800,3500,11000,11000,11000,23868,5771,100,418.3654385679424,3.6075827665627003,11395.926541183144,2417.331573655103
